{"accuracy": 0.6704249783174328, "precision": 0.3661417322834646, "recall": 0.7622950819672131, "f1_score": 0.4946808510638298}