Model,Accuracy,Precision,Recall,F1-score,ROC-AUC
Logistic Regression,0.6097560975609756,0.0,0.0,0.0,0.548115234375
Decision Tree,0.5960365853658537,0.48132780082987553,0.453125,0.46680080482897385,0.5703125
Random Forest,0.6676829268292683,0.6484375,0.32421875,0.4322916666666667,0.6526171875000001
SVM,0.6707317073170732,0.7040816326530612,0.26953125,0.3898305084745763,0.6487109375
