Model,Accuracy,Precision,Recall,F1-score,ROC-AUC,PR-AUC
Logistic Regression,0.524390243902439,0.4146341463414634,0.53125,0.4657534246575342,0.5474316406249999,0.4840739287532244
Decision Tree,0.5945121951219512,0.4796747967479675,0.4609375,0.4701195219123506,0.57046875,0.4314659552845529
Random Forest,0.6707317073170732,0.6785714285714286,0.296875,0.41304347826086957,0.6624707031250001,0.5955876496660684
SVM,0.6219512195121951,0.5158730158730159,0.5078125,0.5118110236220472,0.6439746093749998,0.5661771229846237
